category;name;year
architecture;Twelve Views of Akkajaure;2026
architecture;Field Harmonics;2026
publication;Bachelor's Thesis Exhibitions;2026
publication;Campus Visions;2026
publication;Essays on Architecture;2026
architecture;Self–observatory;2025
objects;Lambda Chair;2025
architecture;Gibraltar Townhouses;2025
objects;Tree Sculptures;2025
objects;Plate Light;2025
publication;Venezia Ordinata;2024
architecture;Torslanda Bath;2024
objects;Spill Chair;2024
architecture;Slottskogen Crossbeams;2023
