file,orientation,project,description
twelve-views-of-akkajaure-01.webp,landscape,Twelve Views of Akkajaure,"Image description, photo."
twelve-views-of-akkajaure-02.webp,portrait,Twelve Views of Akkajaure,"Image description, photo."
twelve-views-of-akkajaure-03.webp,landscape,Twelve Views of Akkajaure,"Image description, photo."
twelve-views-of-akkajaure-04.webp,portrait,Twelve Views of Akkajaure,"Image description, photo."
twelve-views-of-akkajaure-05.webp,landscape,Twelve Views of Akkajaure,"Image description, photo."
fieldharmonics-01.webp,portrait,Field Harmonics,"View of entrance, photo collage."
fieldharmonics-02.webp,landscape,Field Harmonics,"View from field, photo collage."
fieldharmonics-03.webp,portrait,Field Harmonics,"Entrance, 1:20 model in steel and paper."
fieldharmonics-04.webp,landscape,Field Harmonics,1:100 model in hammered steel and birch.
fieldharmonics-05.webp,landscape,Field Harmonics,Site plan.
fieldharmonics-06.webp,landscape,Field Harmonics,Site Isometry. 
fieldharmonics-07.webp,portrait,Field Harmonics,Configurations A–B for stage acoustics.
fieldharmonics-08.webp,portrait,Field Harmonics,Grasshopper script for panel geometry.
fieldharmonics-09.webp,portrait,Field Harmonics,Wood veneer panels.
fieldharmonics-10.webp,landscape,Field Harmonics,"Interior view, photo collage."
bachelors-thesis-exhibitions-02.webp,landscape,Bachelor's Thesis Exhibitions,"Cover and title page."
bachelors-thesis-exhibitions-03.webp,landscape,Bachelor's Thesis Exhibitions,"Exhibition and interview."
bachelors-thesis-exhibitions-04.webp,landscape,Bachelor's Thesis Exhibitions,"Thesis projects."
bachelors-thesis-exhibitions-01.webp,portrait,Bachelor's Thesis Exhibitions,"A1 Poster."
campus-visions-01.webp,landscape,Campus Visions,"Image description, photo."
campus-visions-02.webp,landscape,Campus Visions,"Image description, photo."
campus-visions-03.webp,landscape,Campus Visions,"Image description, photo."
campus-visions-04.webp,landscape,Campus Visions,"Image description, photo."
campus-visions-05.webp,landscape,Campus Visions,"Image description, photo."
campus-visions-06.webp,landscape,Campus Visions,"Image description, photo."
essays-on-architecture-01.webp,landscape,Essays on Architecture,
gibraltar-townhouses-01.webp,landscape,Gibraltar Townhouses,"1:50 model in plexiglass."
gibraltar-townhouses-02.webp,portrait,Gibraltar Townhouses,"Image description, photo."
gibraltar-townhouses-03.webp,landscape,Gibraltar Townhouses,"Image description, photo."
gibraltar-townhouses-04.webp,landscape,Gibraltar Townhouses,"Image description, photo."
gibraltar-townhouses-05.webp,landscape,Gibraltar Townhouses,"Image description, photo."
gibraltar-townhouses-06.webp,portrait,Gibraltar Townhouses,"Image description, photo."
gibraltar-townhouses-07.webp,portrait,Gibraltar Townhouses,"Image description, photo."
gibraltar-townhouses-08.webp,landscape,Gibraltar Townhouses,"Image description, photo."
self-observatory-01.webp,portrait,Self–observatory,"View from 16 D’Ablay St, photo collage."
self-observatory-02.webp,portrait,Self–observatory,v"Image description, photo."
self-observatory-03.webp,landscape,Self–observatory,"Image description, photo."
self-observatory-04.webp,portrait,Self–observatory,"Image description, photo."
self-observatory-05.webp,portrait,Self–observatory,"Image description, photo."
self-observatory-06.webp,portrait,Self–observatory,"Image description, photo."
tree-sculptures-01.webp,portrait,Tree Sculptures,"Image description, photo."
tree-sculptures-02.webp,portrait,Tree Sculptures,"Image description, photo."
tree-sculptures-03.webp,landscape,Tree Sculptures,"Image description, photo."
tree-sculptures-04.webp,portrait,Tree Sculptures,"""Forest"""
plate-light-01.webp,portrait,Plate Light,"Model isometry."
plate-light-02.webp,portrait,Plate Light,"Division points, section."
plate-light-03.webp,landscape,Plate Light,"Grasshopper script."
plate-light-04.webp,landscape,Plate Light,"Plate light in frosted glass and plywood."
lambda-chair-01.webp,landscape,Lambda Chair,"Design geometry."
lambda-chair-03.webp,landscape,Lambda Chair,"Chair in birch wood."
lambda-chair-02.webp,portrait,Lambda Chair,"Greek letter Lambda."
torslanda-bath-01.webp,landscape,Torslanda Bath,"Image description, photo."
torslanda-bath-02.webp,landscape,Torslanda Bath,"Image description, photo."
torslanda-bath-03.webp,portrait,Torslanda Bath,"Image description, photo."
torslanda-bath-04.webp,landscape,Torslanda Bath,"Image description, photo."
torslanda-bath-05.webp,landscape,Torslanda Bath,"Image description, photo."
torslanda-bath-06.webp,portrait,Torslanda Bath,"Image description, photo."
torslanda-bath-07.webp,landscape,Torslanda Bath,"Image description, photo."
torslanda-bath-08.webp,portrait,Torslanda Bath,"Image description, photo."
torslanda-bath-09.webp,portrait,Torslanda Bath,"Image description, photo."
torslanda-bath-10.webp,portrait,Torslanda Bath,"Image description, photo."
venezia-ordinata-01.webp,landscape,Venezia Ordinata,"Image description, photo."
venezia-ordinata-02.webp,landscape,Venezia Ordinata,"Image description, photo."
venezia-ordinata-03.webp,landscape,Venezia Ordinata,"Image description, photo."
venezia-ordinata-04.webp,landscape,Venezia Ordinata,"Image description, photo."
venezia-ordinata-05.webp,landscape,Venezia Ordinata,"Image description, photo."
venezia-ordinata-06.webp,landscape,Venezia Ordinata,"Image description, photo."
venezia-ordinata-07.webp,landscape,Venezia Ordinata,"Image description, photo."
venezia-ordinata-08.webp,portrait,Venezia Ordinata,"Image description, photo."
spill-chair-01.webp,portrait,Spill Chair,"Image description, photo."
spill-chair-02.webp,landscape,Spill Chair,"Image description, photo."
spill-chair-03.webp,landscape,Spill Chair,"Image description, photo."
slottskogen-crossbeams-01.webp,landscape,Slottskogen Crossbeams,"Image description, photo."
slottskogen-crossbeams-02.webp,landscape,Slottskogen Crossbeams,"Image description, photo."
slottskogen-crossbeams-03.webp,landscape,Slottskogen Crossbeams,"Image description, photo."
slottskogen-crossbeams-04.webp,landscape,Slottskogen Crossbeams,"Image description, photo."
slottskogen-crossbeams-05.webp,landscape,Slottskogen Crossbeams,"Image description, photo."
404.webp,portrait,404,
